-- Seed SolaX T-BAT HS battery stacks + SolaX inverter combos + combo context pricing (TAS).
-- STC uses the CANONICAL per-battery value: the X3-HYBRID-15.0D and SOLAX-X3-ULT-20KP source
-- blocks had a shifted STC column; profit/commission there were correct, STC was not.
-- Battery-intrinsic figures on BatteryProduct; gross+RRP (vary by inverter & context) on combo.

INSERT INTO "BatteryProduct"
  ("id","productName","brand","batteryModel","batterySize","modules","batteryStc","phase","states","batteryCommission","profit","effectiveDate","sortOrder","createdAt","updatedAt")
VALUES
  ('bat-tbat-hs108', 'T-BAT HS10.8 (10.8 kWh)', 'SolaX', 'T-BAT HS10.8', 10.80, 3, 2445.50, NULL, ARRAY['TAS']::text[], 500, 1350.00, DATE '2026-03-21', 11, CURRENT_TIMESTAMP, CURRENT_TIMESTAMP),
  ('bat-tbat-hs144', 'T-BAT HS14.4 (14.4 kWh)', 'SolaX', 'T-BAT HS14.4', 14.40, 4, 3248.50, NULL, ARRAY['TAS']::text[], 500, 1650.00, DATE '2026-03-21', 12, CURRENT_TIMESTAMP, CURRENT_TIMESTAMP),
  ('bat-tbat-hs180', 'T-BAT HS18.0 (18.0 kWh)', 'SolaX', 'T-BAT HS18.0', 18.00, 5, 3832.50, NULL, ARRAY['TAS']::text[], 600, 1950.00, DATE '2026-03-21', 13, CURRENT_TIMESTAMP, CURRENT_TIMESTAMP),
  ('bat-tbat-hs216', 'T-BAT HS21.6 (21.6 kWh)', 'SolaX', 'T-BAT HS21.6', 21.60, 6, 4343.50, NULL, ARRAY['TAS']::text[], 700, 2150.00, DATE '2026-03-21', 14, CURRENT_TIMESTAMP, CURRENT_TIMESTAMP),
  ('bat-tbat-hs252', 'T-BAT HS25.2 (25.2 kWh)', 'SolaX', 'T-BAT HS25.2', 25.20, 7, 4818.00, NULL, ARRAY['TAS']::text[], 800, 2350.00, DATE '2026-03-21', 15, CURRENT_TIMESTAMP, CURRENT_TIMESTAMP),
  ('bat-tbat-hs288', 'T-BAT HS28.8 (28.8 kWh)', 'SolaX', 'T-BAT HS28.8', 28.80, 8, 5329.00, NULL, ARRAY['TAS']::text[], 900, 2550.00, DATE '2026-03-21', 16, CURRENT_TIMESTAMP, CURRENT_TIMESTAMP)
ON CONFLICT ("id") DO NOTHING;

INSERT INTO "BatteryInverterCompat" ("id","inverterId","batteryId","updatedAt")
VALUES
  ('combo-x1-hybrid-5-0-d-tbat-hs108', 'x1-hybrid-5-0-d', 'bat-tbat-hs108', CURRENT_TIMESTAMP),
  ('combo-x1-hybrid-5-0-d-tbat-hs144', 'x1-hybrid-5-0-d', 'bat-tbat-hs144', CURRENT_TIMESTAMP),
  ('combo-x1-hybrid-5-0-d-tbat-hs180', 'x1-hybrid-5-0-d', 'bat-tbat-hs180', CURRENT_TIMESTAMP),
  ('combo-x1-hybrid-5-0-d-tbat-hs216', 'x1-hybrid-5-0-d', 'bat-tbat-hs216', CURRENT_TIMESTAMP),
  ('combo-x1-hybrid-5-0-d-tbat-hs252', 'x1-hybrid-5-0-d', 'bat-tbat-hs252', CURRENT_TIMESTAMP),
  ('combo-x1-hybrid-7-5-d-tbat-hs108', 'x1-hybrid-7-5-d', 'bat-tbat-hs108', CURRENT_TIMESTAMP),
  ('combo-x1-hybrid-7-5-d-tbat-hs144', 'x1-hybrid-7-5-d', 'bat-tbat-hs144', CURRENT_TIMESTAMP),
  ('combo-x1-hybrid-7-5-d-tbat-hs180', 'x1-hybrid-7-5-d', 'bat-tbat-hs180', CURRENT_TIMESTAMP),
  ('combo-x1-hybrid-7-5-d-tbat-hs216', 'x1-hybrid-7-5-d', 'bat-tbat-hs216', CURRENT_TIMESTAMP),
  ('combo-x1-hybrid-7-5-d-tbat-hs252', 'x1-hybrid-7-5-d', 'bat-tbat-hs252', CURRENT_TIMESTAMP),
  ('combo-x1-vast-8k-tbat-hs108', 'x1-vast-8k', 'bat-tbat-hs108', CURRENT_TIMESTAMP),
  ('combo-x1-vast-8k-tbat-hs144', 'x1-vast-8k', 'bat-tbat-hs144', CURRENT_TIMESTAMP),
  ('combo-x1-vast-8k-tbat-hs180', 'x1-vast-8k', 'bat-tbat-hs180', CURRENT_TIMESTAMP),
  ('combo-x1-vast-8k-tbat-hs216', 'x1-vast-8k', 'bat-tbat-hs216', CURRENT_TIMESTAMP),
  ('combo-x1-vast-8k-tbat-hs252', 'x1-vast-8k', 'bat-tbat-hs252', CURRENT_TIMESTAMP),
  ('combo-x1-vast-10k-tbat-hs108', 'x1-vast-10k', 'bat-tbat-hs108', CURRENT_TIMESTAMP),
  ('combo-x1-vast-10k-tbat-hs144', 'x1-vast-10k', 'bat-tbat-hs144', CURRENT_TIMESTAMP),
  ('combo-x1-vast-10k-tbat-hs180', 'x1-vast-10k', 'bat-tbat-hs180', CURRENT_TIMESTAMP),
  ('combo-x1-vast-10k-tbat-hs216', 'x1-vast-10k', 'bat-tbat-hs216', CURRENT_TIMESTAMP),
  ('combo-x1-vast-10k-tbat-hs252', 'x1-vast-10k', 'bat-tbat-hs252', CURRENT_TIMESTAMP),
  ('combo-x3-hybrid-5-0-d-tbat-hs108', 'x3-hybrid-5-0-d', 'bat-tbat-hs108', CURRENT_TIMESTAMP),
  ('combo-x3-hybrid-5-0-d-tbat-hs144', 'x3-hybrid-5-0-d', 'bat-tbat-hs144', CURRENT_TIMESTAMP),
  ('combo-x3-hybrid-5-0-d-tbat-hs180', 'x3-hybrid-5-0-d', 'bat-tbat-hs180', CURRENT_TIMESTAMP),
  ('combo-x3-hybrid-5-0-d-tbat-hs216', 'x3-hybrid-5-0-d', 'bat-tbat-hs216', CURRENT_TIMESTAMP),
  ('combo-x3-hybrid-5-0-d-tbat-hs252', 'x3-hybrid-5-0-d', 'bat-tbat-hs252', CURRENT_TIMESTAMP),
  ('combo-x3-hybrid-8-0-d-tbat-hs108', 'x3-hybrid-8-0-d', 'bat-tbat-hs108', CURRENT_TIMESTAMP),
  ('combo-x3-hybrid-8-0-d-tbat-hs144', 'x3-hybrid-8-0-d', 'bat-tbat-hs144', CURRENT_TIMESTAMP),
  ('combo-x3-hybrid-8-0-d-tbat-hs180', 'x3-hybrid-8-0-d', 'bat-tbat-hs180', CURRENT_TIMESTAMP),
  ('combo-x3-hybrid-8-0-d-tbat-hs216', 'x3-hybrid-8-0-d', 'bat-tbat-hs216', CURRENT_TIMESTAMP),
  ('combo-x3-hybrid-8-0-d-tbat-hs252', 'x3-hybrid-8-0-d', 'bat-tbat-hs252', CURRENT_TIMESTAMP),
  ('combo-x3-hybrid-10-0-d-tbat-hs108', 'x3-hybrid-10-0-d', 'bat-tbat-hs108', CURRENT_TIMESTAMP),
  ('combo-x3-hybrid-10-0-d-tbat-hs144', 'x3-hybrid-10-0-d', 'bat-tbat-hs144', CURRENT_TIMESTAMP),
  ('combo-x3-hybrid-10-0-d-tbat-hs180', 'x3-hybrid-10-0-d', 'bat-tbat-hs180', CURRENT_TIMESTAMP),
  ('combo-x3-hybrid-10-0-d-tbat-hs216', 'x3-hybrid-10-0-d', 'bat-tbat-hs216', CURRENT_TIMESTAMP),
  ('combo-x3-hybrid-10-0-d-tbat-hs252', 'x3-hybrid-10-0-d', 'bat-tbat-hs252', CURRENT_TIMESTAMP),
  ('combo-x3-hybrid-10-0-d-tbat-hs288', 'x3-hybrid-10-0-d', 'bat-tbat-hs288', CURRENT_TIMESTAMP),
  ('combo-x3-hybrid-15-0d-tbat-hs180', 'x3-hybrid-15-0d', 'bat-tbat-hs180', CURRENT_TIMESTAMP),
  ('combo-x3-hybrid-15-0d-tbat-hs216', 'x3-hybrid-15-0d', 'bat-tbat-hs216', CURRENT_TIMESTAMP),
  ('combo-x3-hybrid-15-0d-tbat-hs252', 'x3-hybrid-15-0d', 'bat-tbat-hs252', CURRENT_TIMESTAMP),
  ('combo-x3-hybrid-15-0d-tbat-hs288', 'x3-hybrid-15-0d', 'bat-tbat-hs288', CURRENT_TIMESTAMP),
  ('combo-solax-x3-ult-20kp-tbat-hs180', 'solax-x3-ult-20kp', 'bat-tbat-hs180', CURRENT_TIMESTAMP),
  ('combo-solax-x3-ult-20kp-tbat-hs216', 'solax-x3-ult-20kp', 'bat-tbat-hs216', CURRENT_TIMESTAMP),
  ('combo-solax-x3-ult-20kp-tbat-hs252', 'solax-x3-ult-20kp', 'bat-tbat-hs252', CURRENT_TIMESTAMP),
  ('combo-solax-x3-ult-20kp-tbat-hs288', 'solax-x3-ult-20kp', 'bat-tbat-hs288', CURRENT_TIMESTAMP)
ON CONFLICT ("inverterId","batteryId") DO NOTHING;

INSERT INTO "BatteryComboContextPrice" ("id","compatId","context","grossPrice","batteryRrp","effectiveDate","updatedAt")
VALUES
  ('bcp-x1-hybrid-5-0-d-tbat-hs108-sol',   'combo-x1-hybrid-5-0-d-tbat-hs108', 'SOLAR_BATTERY', 8648.34,   6202.84,   DATE '2026-03-21', CURRENT_TIMESTAMP),
  ('bcp-x1-hybrid-5-0-d-tbat-hs108-alone', 'combo-x1-hybrid-5-0-d-tbat-hs108', 'BATTERY_ONLY', 11674.34, 9228.84, DATE '2026-03-21', CURRENT_TIMESTAMP),
  ('bcp-x1-hybrid-5-0-d-tbat-hs144-sol',   'combo-x1-hybrid-5-0-d-tbat-hs144', 'SOLAR_BATTERY', 9813.92,   6565.42,   DATE '2026-03-21', CURRENT_TIMESTAMP),
  ('bcp-x1-hybrid-5-0-d-tbat-hs144-alone', 'combo-x1-hybrid-5-0-d-tbat-hs144', 'BATTERY_ONLY', 12899.92, 9651.42, DATE '2026-03-21', CURRENT_TIMESTAMP),
  ('bcp-x1-hybrid-5-0-d-tbat-hs180-sol',   'combo-x1-hybrid-5-0-d-tbat-hs180', 'SOLAR_BATTERY', 11079.50,   7247.00,   DATE '2026-03-21', CURRENT_TIMESTAMP),
  ('bcp-x1-hybrid-5-0-d-tbat-hs180-alone', 'combo-x1-hybrid-5-0-d-tbat-hs180', 'BATTERY_ONLY', 14225.50, 10393.00, DATE '2026-03-21', CURRENT_TIMESTAMP),
  ('bcp-x1-hybrid-5-0-d-tbat-hs216-sol',   'combo-x1-hybrid-5-0-d-tbat-hs216', 'SOLAR_BATTERY', 11945.08,   7601.58,   DATE '2026-03-21', CURRENT_TIMESTAMP),
  ('bcp-x1-hybrid-5-0-d-tbat-hs216-alone', 'combo-x1-hybrid-5-0-d-tbat-hs216', 'BATTERY_ONLY', 15251.08, 10907.58, DATE '2026-03-21', CURRENT_TIMESTAMP),
  ('bcp-x1-hybrid-5-0-d-tbat-hs252-sol',   'combo-x1-hybrid-5-0-d-tbat-hs252', 'SOLAR_BATTERY', 12860.66,   8042.66,   DATE '2026-03-21', CURRENT_TIMESTAMP),
  ('bcp-x1-hybrid-5-0-d-tbat-hs252-alone', 'combo-x1-hybrid-5-0-d-tbat-hs252', 'BATTERY_ONLY', 16326.66, 11508.66, DATE '2026-03-21', CURRENT_TIMESTAMP),
  ('bcp-x1-hybrid-7-5-d-tbat-hs108-sol',   'combo-x1-hybrid-7-5-d-tbat-hs108', 'SOLAR_BATTERY', 8581.74,   6136.24,   DATE '2026-03-21', CURRENT_TIMESTAMP),
  ('bcp-x1-hybrid-7-5-d-tbat-hs108-alone', 'combo-x1-hybrid-7-5-d-tbat-hs108', 'BATTERY_ONLY', 11916.74, 9471.24, DATE '2026-03-21', CURRENT_TIMESTAMP),
  ('bcp-x1-hybrid-7-5-d-tbat-hs144-sol',   'combo-x1-hybrid-7-5-d-tbat-hs144', 'SOLAR_BATTERY', 9597.32,   6348.82,   DATE '2026-03-21', CURRENT_TIMESTAMP),
  ('bcp-x1-hybrid-7-5-d-tbat-hs144-alone', 'combo-x1-hybrid-7-5-d-tbat-hs144', 'BATTERY_ONLY', 12992.32, 9743.82, DATE '2026-03-21', CURRENT_TIMESTAMP),
  ('bcp-x1-hybrid-7-5-d-tbat-hs180-sol',   'combo-x1-hybrid-7-5-d-tbat-hs180', 'SOLAR_BATTERY', 10862.90,   7030.40,   DATE '2026-03-21', CURRENT_TIMESTAMP),
  ('bcp-x1-hybrid-7-5-d-tbat-hs180-alone', 'combo-x1-hybrid-7-5-d-tbat-hs180', 'BATTERY_ONLY', 14317.90, 10485.40, DATE '2026-03-21', CURRENT_TIMESTAMP),
  ('bcp-x1-hybrid-7-5-d-tbat-hs216-sol',   'combo-x1-hybrid-7-5-d-tbat-hs216', 'SOLAR_BATTERY', 11728.48,   7384.98,   DATE '2026-03-21', CURRENT_TIMESTAMP),
  ('bcp-x1-hybrid-7-5-d-tbat-hs216-alone', 'combo-x1-hybrid-7-5-d-tbat-hs216', 'BATTERY_ONLY', 15343.48, 10999.98, DATE '2026-03-21', CURRENT_TIMESTAMP),
  ('bcp-x1-hybrid-7-5-d-tbat-hs252-sol',   'combo-x1-hybrid-7-5-d-tbat-hs252', 'SOLAR_BATTERY', 12644.06,   7826.06,   DATE '2026-03-21', CURRENT_TIMESTAMP),
  ('bcp-x1-hybrid-7-5-d-tbat-hs252-alone', 'combo-x1-hybrid-7-5-d-tbat-hs252', 'BATTERY_ONLY', 16419.06, 11601.06, DATE '2026-03-21', CURRENT_TIMESTAMP),
  ('bcp-x1-vast-8k-tbat-hs108-sol',   'combo-x1-vast-8k-tbat-hs108', 'SOLAR_BATTERY', 9461.74,   7016.24,   DATE '2026-03-21', CURRENT_TIMESTAMP),
  ('bcp-x1-vast-8k-tbat-hs108-alone', 'combo-x1-vast-8k-tbat-hs108', 'BATTERY_ONLY', 12796.74, 10351.24, DATE '2026-03-21', CURRENT_TIMESTAMP),
  ('bcp-x1-vast-8k-tbat-hs144-sol',   'combo-x1-vast-8k-tbat-hs144', 'SOLAR_BATTERY', 10477.32,   7228.82,   DATE '2026-03-21', CURRENT_TIMESTAMP),
  ('bcp-x1-vast-8k-tbat-hs144-alone', 'combo-x1-vast-8k-tbat-hs144', 'BATTERY_ONLY', 13872.32, 10623.82, DATE '2026-03-21', CURRENT_TIMESTAMP),
  ('bcp-x1-vast-8k-tbat-hs180-sol',   'combo-x1-vast-8k-tbat-hs180', 'SOLAR_BATTERY', 11742.90,   7910.40,   DATE '2026-03-21', CURRENT_TIMESTAMP),
  ('bcp-x1-vast-8k-tbat-hs180-alone', 'combo-x1-vast-8k-tbat-hs180', 'BATTERY_ONLY', 15197.90, 11365.40, DATE '2026-03-21', CURRENT_TIMESTAMP),
  ('bcp-x1-vast-8k-tbat-hs216-sol',   'combo-x1-vast-8k-tbat-hs216', 'SOLAR_BATTERY', 12608.48,   8264.98,   DATE '2026-03-21', CURRENT_TIMESTAMP),
  ('bcp-x1-vast-8k-tbat-hs216-alone', 'combo-x1-vast-8k-tbat-hs216', 'BATTERY_ONLY', 16223.48, 11879.98, DATE '2026-03-21', CURRENT_TIMESTAMP),
  ('bcp-x1-vast-8k-tbat-hs252-sol',   'combo-x1-vast-8k-tbat-hs252', 'SOLAR_BATTERY', 13524.06,   8706.06,   DATE '2026-03-21', CURRENT_TIMESTAMP),
  ('bcp-x1-vast-8k-tbat-hs252-alone', 'combo-x1-vast-8k-tbat-hs252', 'BATTERY_ONLY', 17299.06, 12481.06, DATE '2026-03-21', CURRENT_TIMESTAMP),
  ('bcp-x1-vast-10k-tbat-hs108-sol',   'combo-x1-vast-10k-tbat-hs108', 'SOLAR_BATTERY', 9736.74,   7291.24,   DATE '2026-03-21', CURRENT_TIMESTAMP),
  ('bcp-x1-vast-10k-tbat-hs108-alone', 'combo-x1-vast-10k-tbat-hs108', 'BATTERY_ONLY', 13071.74, 10626.24, DATE '2026-03-21', CURRENT_TIMESTAMP),
  ('bcp-x1-vast-10k-tbat-hs144-sol',   'combo-x1-vast-10k-tbat-hs144', 'SOLAR_BATTERY', 10752.32,   7503.82,   DATE '2026-03-21', CURRENT_TIMESTAMP),
  ('bcp-x1-vast-10k-tbat-hs144-alone', 'combo-x1-vast-10k-tbat-hs144', 'BATTERY_ONLY', 14147.32, 10898.82, DATE '2026-03-21', CURRENT_TIMESTAMP),
  ('bcp-x1-vast-10k-tbat-hs180-sol',   'combo-x1-vast-10k-tbat-hs180', 'SOLAR_BATTERY', 12017.90,   8185.40,   DATE '2026-03-21', CURRENT_TIMESTAMP),
  ('bcp-x1-vast-10k-tbat-hs180-alone', 'combo-x1-vast-10k-tbat-hs180', 'BATTERY_ONLY', 15472.90, 11640.40, DATE '2026-03-21', CURRENT_TIMESTAMP),
  ('bcp-x1-vast-10k-tbat-hs216-sol',   'combo-x1-vast-10k-tbat-hs216', 'SOLAR_BATTERY', 12883.48,   8539.98,   DATE '2026-03-21', CURRENT_TIMESTAMP),
  ('bcp-x1-vast-10k-tbat-hs216-alone', 'combo-x1-vast-10k-tbat-hs216', 'BATTERY_ONLY', 16498.48, 12154.98, DATE '2026-03-21', CURRENT_TIMESTAMP),
  ('bcp-x1-vast-10k-tbat-hs252-sol',   'combo-x1-vast-10k-tbat-hs252', 'SOLAR_BATTERY', 13799.06,   8981.06,   DATE '2026-03-21', CURRENT_TIMESTAMP),
  ('bcp-x1-vast-10k-tbat-hs252-alone', 'combo-x1-vast-10k-tbat-hs252', 'BATTERY_ONLY', 17574.06, 12756.06, DATE '2026-03-21', CURRENT_TIMESTAMP),
  ('bcp-x3-hybrid-5-0-d-tbat-hs108-sol',   'combo-x3-hybrid-5-0-d-tbat-hs108', 'SOLAR_BATTERY', 9731.74,   7286.24,   DATE '2026-03-21', CURRENT_TIMESTAMP),
  ('bcp-x3-hybrid-5-0-d-tbat-hs108-alone', 'combo-x3-hybrid-5-0-d-tbat-hs108', 'BATTERY_ONLY', 12397.74, 9952.24, DATE '2026-03-21', CURRENT_TIMESTAMP),
  ('bcp-x3-hybrid-5-0-d-tbat-hs144-sol',   'combo-x3-hybrid-5-0-d-tbat-hs144', 'SOLAR_BATTERY', 10747.32,   7498.82,   DATE '2026-03-21', CURRENT_TIMESTAMP),
  ('bcp-x3-hybrid-5-0-d-tbat-hs144-alone', 'combo-x3-hybrid-5-0-d-tbat-hs144', 'BATTERY_ONLY', 13473.32, 10224.82, DATE '2026-03-21', CURRENT_TIMESTAMP),
  ('bcp-x3-hybrid-5-0-d-tbat-hs180-sol',   'combo-x3-hybrid-5-0-d-tbat-hs180', 'SOLAR_BATTERY', 12012.90,   8180.40,   DATE '2026-03-21', CURRENT_TIMESTAMP),
  ('bcp-x3-hybrid-5-0-d-tbat-hs180-alone', 'combo-x3-hybrid-5-0-d-tbat-hs180', 'BATTERY_ONLY', 14798.90, 10966.40, DATE '2026-03-21', CURRENT_TIMESTAMP),
  ('bcp-x3-hybrid-5-0-d-tbat-hs216-sol',   'combo-x3-hybrid-5-0-d-tbat-hs216', 'SOLAR_BATTERY', 12878.48,   8534.98,   DATE '2026-03-21', CURRENT_TIMESTAMP),
  ('bcp-x3-hybrid-5-0-d-tbat-hs216-alone', 'combo-x3-hybrid-5-0-d-tbat-hs216', 'BATTERY_ONLY', 15824.48, 11480.98, DATE '2026-03-21', CURRENT_TIMESTAMP),
  ('bcp-x3-hybrid-5-0-d-tbat-hs252-sol',   'combo-x3-hybrid-5-0-d-tbat-hs252', 'SOLAR_BATTERY', 13794.06,   8976.06,   DATE '2026-03-21', CURRENT_TIMESTAMP),
  ('bcp-x3-hybrid-5-0-d-tbat-hs252-alone', 'combo-x3-hybrid-5-0-d-tbat-hs252', 'BATTERY_ONLY', 16900.06, 12082.06, DATE '2026-03-21', CURRENT_TIMESTAMP),
  ('bcp-x3-hybrid-8-0-d-tbat-hs108-sol',   'combo-x3-hybrid-8-0-d-tbat-hs108', 'SOLAR_BATTERY', 9741.74,   7296.24,   DATE '2026-03-21', CURRENT_TIMESTAMP),
  ('bcp-x3-hybrid-8-0-d-tbat-hs108-alone', 'combo-x3-hybrid-8-0-d-tbat-hs108', 'BATTERY_ONLY', 12716.74, 10271.24, DATE '2026-03-21', CURRENT_TIMESTAMP),
  ('bcp-x3-hybrid-8-0-d-tbat-hs144-sol',   'combo-x3-hybrid-8-0-d-tbat-hs144', 'SOLAR_BATTERY', 10757.32,   7508.82,   DATE '2026-03-21', CURRENT_TIMESTAMP),
  ('bcp-x3-hybrid-8-0-d-tbat-hs144-alone', 'combo-x3-hybrid-8-0-d-tbat-hs144', 'BATTERY_ONLY', 13792.32, 10543.82, DATE '2026-03-21', CURRENT_TIMESTAMP),
  ('bcp-x3-hybrid-8-0-d-tbat-hs180-sol',   'combo-x3-hybrid-8-0-d-tbat-hs180', 'SOLAR_BATTERY', 12022.90,   8190.40,   DATE '2026-03-21', CURRENT_TIMESTAMP),
  ('bcp-x3-hybrid-8-0-d-tbat-hs180-alone', 'combo-x3-hybrid-8-0-d-tbat-hs180', 'BATTERY_ONLY', 15117.90, 11285.40, DATE '2026-03-21', CURRENT_TIMESTAMP),
  ('bcp-x3-hybrid-8-0-d-tbat-hs216-sol',   'combo-x3-hybrid-8-0-d-tbat-hs216', 'SOLAR_BATTERY', 12888.48,   8544.98,   DATE '2026-03-21', CURRENT_TIMESTAMP),
  ('bcp-x3-hybrid-8-0-d-tbat-hs216-alone', 'combo-x3-hybrid-8-0-d-tbat-hs216', 'BATTERY_ONLY', 16143.48, 11799.98, DATE '2026-03-21', CURRENT_TIMESTAMP),
  ('bcp-x3-hybrid-8-0-d-tbat-hs252-sol',   'combo-x3-hybrid-8-0-d-tbat-hs252', 'SOLAR_BATTERY', 13804.06,   8986.06,   DATE '2026-03-21', CURRENT_TIMESTAMP),
  ('bcp-x3-hybrid-8-0-d-tbat-hs252-alone', 'combo-x3-hybrid-8-0-d-tbat-hs252', 'BATTERY_ONLY', 17219.06, 12401.06, DATE '2026-03-21', CURRENT_TIMESTAMP),
  ('bcp-x3-hybrid-10-0-d-tbat-hs108-sol',   'combo-x3-hybrid-10-0-d-tbat-hs108', 'SOLAR_BATTERY', 10126.74,   7681.24,   DATE '2026-03-21', CURRENT_TIMESTAMP),
  ('bcp-x3-hybrid-10-0-d-tbat-hs108-alone', 'combo-x3-hybrid-10-0-d-tbat-hs108', 'BATTERY_ONLY', 13101.74, 10656.24, DATE '2026-03-21', CURRENT_TIMESTAMP),
  ('bcp-x3-hybrid-10-0-d-tbat-hs144-sol',   'combo-x3-hybrid-10-0-d-tbat-hs144', 'SOLAR_BATTERY', 11142.32,   7893.82,   DATE '2026-03-21', CURRENT_TIMESTAMP),
  ('bcp-x3-hybrid-10-0-d-tbat-hs144-alone', 'combo-x3-hybrid-10-0-d-tbat-hs144', 'BATTERY_ONLY', 14177.32, 10928.82, DATE '2026-03-21', CURRENT_TIMESTAMP),
  ('bcp-x3-hybrid-10-0-d-tbat-hs180-sol',   'combo-x3-hybrid-10-0-d-tbat-hs180', 'SOLAR_BATTERY', 12407.90,   8575.40,   DATE '2026-03-21', CURRENT_TIMESTAMP),
  ('bcp-x3-hybrid-10-0-d-tbat-hs180-alone', 'combo-x3-hybrid-10-0-d-tbat-hs180', 'BATTERY_ONLY', 15502.90, 11670.40, DATE '2026-03-21', CURRENT_TIMESTAMP),
  ('bcp-x3-hybrid-10-0-d-tbat-hs216-sol',   'combo-x3-hybrid-10-0-d-tbat-hs216', 'SOLAR_BATTERY', 13273.48,   8929.98,   DATE '2026-03-21', CURRENT_TIMESTAMP),
  ('bcp-x3-hybrid-10-0-d-tbat-hs216-alone', 'combo-x3-hybrid-10-0-d-tbat-hs216', 'BATTERY_ONLY', 16528.48, 12184.98, DATE '2026-03-21', CURRENT_TIMESTAMP),
  ('bcp-x3-hybrid-10-0-d-tbat-hs252-sol',   'combo-x3-hybrid-10-0-d-tbat-hs252', 'SOLAR_BATTERY', 14189.06,   9371.06,   DATE '2026-03-21', CURRENT_TIMESTAMP),
  ('bcp-x3-hybrid-10-0-d-tbat-hs252-alone', 'combo-x3-hybrid-10-0-d-tbat-hs252', 'BATTERY_ONLY', 17604.06, 12786.06, DATE '2026-03-21', CURRENT_TIMESTAMP),
  ('bcp-x3-hybrid-10-0-d-tbat-hs288-sol',   'combo-x3-hybrid-10-0-d-tbat-hs288', 'SOLAR_BATTERY', 15454.64,   10125.64,   DATE '2026-03-21', CURRENT_TIMESTAMP),
  ('bcp-x3-hybrid-10-0-d-tbat-hs288-alone', 'combo-x3-hybrid-10-0-d-tbat-hs288', 'BATTERY_ONLY', 19029.64, 13700.64, DATE '2026-03-21', CURRENT_TIMESTAMP),
  ('bcp-x3-hybrid-15-0d-tbat-hs180-sol',   'combo-x3-hybrid-15-0d-tbat-hs180', 'SOLAR_BATTERY', 13796.54,   11351.04,   DATE '2026-03-21', CURRENT_TIMESTAMP),
  ('bcp-x3-hybrid-15-0d-tbat-hs180-alone', 'combo-x3-hybrid-15-0d-tbat-hs180', 'BATTERY_ONLY', 17051.54, 14606.04, DATE '2026-03-21', CURRENT_TIMESTAMP),
  ('bcp-x3-hybrid-15-0d-tbat-hs216-sol',   'combo-x3-hybrid-15-0d-tbat-hs216', 'SOLAR_BATTERY', 14412.12,   11163.62,   DATE '2026-03-21', CURRENT_TIMESTAMP),
  ('bcp-x3-hybrid-15-0d-tbat-hs216-alone', 'combo-x3-hybrid-15-0d-tbat-hs216', 'BATTERY_ONLY', 18227.12, 14978.62, DATE '2026-03-21', CURRENT_TIMESTAMP),
  ('bcp-x3-hybrid-15-0d-tbat-hs252-sol',   'combo-x3-hybrid-15-0d-tbat-hs252', 'SOLAR_BATTERY', 15777.70,   11945.20,   DATE '2026-03-21', CURRENT_TIMESTAMP),
  ('bcp-x3-hybrid-15-0d-tbat-hs252-alone', 'combo-x3-hybrid-15-0d-tbat-hs252', 'BATTERY_ONLY', 19552.70, 15720.20, DATE '2026-03-21', CURRENT_TIMESTAMP),
  ('bcp-x3-hybrid-15-0d-tbat-hs288-sol',   'combo-x3-hybrid-15-0d-tbat-hs288', 'SOLAR_BATTERY', 16643.28,   12299.78,   DATE '2026-03-21', CURRENT_TIMESTAMP),
  ('bcp-x3-hybrid-15-0d-tbat-hs288-alone', 'combo-x3-hybrid-15-0d-tbat-hs288', 'BATTERY_ONLY', 20578.28, 16234.78, DATE '2026-03-21', CURRENT_TIMESTAMP),
  ('bcp-solax-x3-ult-20kp-tbat-hs180-sol',   'combo-solax-x3-ult-20kp-tbat-hs180', 'SOLAR_BATTERY', 14113.90,   11668.40,   DATE '2026-03-21', CURRENT_TIMESTAMP),
  ('bcp-solax-x3-ult-20kp-tbat-hs180-alone', 'combo-solax-x3-ult-20kp-tbat-hs180', 'BATTERY_ONLY', 17208.90, 14763.40, DATE '2026-03-21', CURRENT_TIMESTAMP),
  ('bcp-solax-x3-ult-20kp-tbat-hs216-sol',   'combo-solax-x3-ult-20kp-tbat-hs216', 'SOLAR_BATTERY', 14629.48,   11380.98,   DATE '2026-03-21', CURRENT_TIMESTAMP),
  ('bcp-solax-x3-ult-20kp-tbat-hs216-alone', 'combo-solax-x3-ult-20kp-tbat-hs216', 'BATTERY_ONLY', 17884.48, 14635.98, DATE '2026-03-21', CURRENT_TIMESTAMP),
  ('bcp-solax-x3-ult-20kp-tbat-hs252-sol',   'combo-solax-x3-ult-20kp-tbat-hs252', 'SOLAR_BATTERY', 15895.06,   12062.56,   DATE '2026-03-21', CURRENT_TIMESTAMP),
  ('bcp-solax-x3-ult-20kp-tbat-hs252-alone', 'combo-solax-x3-ult-20kp-tbat-hs252', 'BATTERY_ONLY', 19310.06, 15477.56, DATE '2026-03-21', CURRENT_TIMESTAMP),
  ('bcp-solax-x3-ult-20kp-tbat-hs288-sol',   'combo-solax-x3-ult-20kp-tbat-hs288', 'SOLAR_BATTERY', 17060.64,   12717.14,   DATE '2026-03-21', CURRENT_TIMESTAMP),
  ('bcp-solax-x3-ult-20kp-tbat-hs288-alone', 'combo-solax-x3-ult-20kp-tbat-hs288', 'BATTERY_ONLY', 21885.64, 17542.14, DATE '2026-03-21', CURRENT_TIMESTAMP)
ON CONFLICT ("compatId","context") DO NOTHING;
